{"cameraMode":{"drawMode":0,"name":"Shaded","section":"Shading Mode"},"sceneLighting":true,"audioPlay":false,"sceneViewState":{"m_AlwaysRefresh":false,"showFog":true,"showSkybox":true,"showFlares":true,"showImageEffects":true,"showParticleSystems":true,"showVisualEffectGraphs":true,"m_FxEnabled":true},"in2DMode":false,"pivot":{"x":1.2684943675994874,"y":-146.04896545410157,"z":32.821258544921878},"rotation":{"x":-0.5732787251472473,"y":0.0034392711240798237,"z":-0.0024062213487923147,"w":-0.8193472027778626},"size":98.04060363769531,"orthographic":false}