{"cameraMode":{"drawMode":0,"name":"Shaded","section":"Shading Mode"},"sceneLighting":false,"audioPlay":false,"sceneViewState":{"m_AlwaysRefresh":false,"showFog":true,"showSkybox":false,"showFlares":true,"showImageEffects":true,"showParticleSystems":true,"showVisualEffectGraphs":true,"m_FxEnabled":true},"in2DMode":false,"pivot":{"x":-0.2003004550933838,"y":-1.535933494567871,"z":18.333145141601564},"rotation":{"x":0.25744327902793887,"y":-0.17563563585281373,"z":0.04764380678534508,"w":0.9490137100219727},"size":1.2247449159622193,"orthographic":false}