{"cameraMode":{"drawMode":0,"name":"Shaded","section":"Shading Mode"},"sceneLighting":false,"audioPlay":false,"sceneViewState":{"m_AlwaysRefresh":false,"showFog":true,"showSkybox":false,"showFlares":true,"showImageEffects":true,"showParticleSystems":true,"showVisualEffectGraphs":true,"m_FxEnabled":true},"in2DMode":false,"pivot":{"x":-4.803300857543945,"y":3.009999990463257,"z":0.40062522888183596},"rotation":{"x":0.47282809019088747,"y":-0.03435073420405388,"z":0.018448570743203164,"w":0.8803052306175232},"size":0.8660253882408142,"orthographic":false}