{"cameraMode":{"drawMode":0,"name":"Shaded","section":"Shading Mode"},"sceneLighting":false,"audioPlay":false,"sceneViewState":{"m_AlwaysRefresh":false,"showFog":true,"showSkybox":false,"showFlares":true,"showImageEffects":true,"showParticleSystems":true,"showVisualEffectGraphs":true,"m_FxEnabled":true},"in2DMode":false,"pivot":{"x":0.8100000619888306,"y":-0.02777540311217308,"z":20.401348114013673},"rotation":{"x":0.21190130710601808,"y":0.25598838925361636,"z":-0.05762004479765892,"w":0.9414139986038208},"size":0.714142918586731,"orthographic":false}